id,c1,c2,c3,n1,c4,c5,n2,c6,c7,n3,n4,n5,n6,n7,n8,n9,n10,n11,n12,n13,n14,n15,n16,n17,c8,c9,c10,n18,n19,n20,n21,n22,n23,n24,n25,percent
1,Есть,2,Нет,7280,1,Есть,306878,Да,Да,348,0,0,0,0,1251,0,325,0,702,6171,0,465,0,0,1,5,1,284525,3981120,1127989.619,742,978,0,4390,128.8797893,0.47
2,Есть,1,Нет,0,1,Есть,165464,Нет,Да,1044,0,0,0,3056,1668,272,0,394,1404,11781,0,930,0,1300,1,4,0,62895,6615488,1352007.409,1484,1956,0,10536,92.96129575,0.13
3,Есть,2,Нет,36400,1,Есть,302068,Нет,Нет,0,0,0,669,0,0,0,0,0,0,0,0,0,0,650,0,0,0,199467,5121600,2729835.537,0,0,0,5268,242.4464396,0.41
4,Нет,1,Нет,8736,2,Есть,223184,Нет,Нет,0,0,0,0,0,0,0,975,0,0,0,0,0,0,0,0,0,0,183893,219648,189983.1143,0,0,0,878,393.4347657,0.5
5,Есть,1,Нет,3640,1,Есть,299182,Нет,Нет,348,0,0,0,0,0,272,0,0,702,1122,0,0,0,650,1,4,0,587619,692736,831584.7124,371,489,0,878,546.0390767,0.48
6,Нет,2,Нет,10920,1,Есть,297258,Нет,Нет,0,0,0,0,0,0,0,0,0,0,0,0,0,0,0,0,0,0,186888,2050752,2551788,371,489,0,878,566,0.18
7,Есть,1,Нет,14560,1,Есть,334776,Да,Нет,0,0,0,223,0,0,0,0,0,1404,8976,0,0,0,0,1,5,1,342029,1411520,1437362.322,371,489,0,878,463.1953643,0.48
8,Нет,1,Нет,7280,1,Есть,373256,Нет,Нет,0,0,0,0,0,834,0,2925,0,702,10659,0,465,0,0,0,0,0,385157,661056,318734.4476,742,978,0,2634,219.3187366,0.4
9,Нет,2,Да,3640,0,Есть,192400,Нет,Нет,0,0,0,223,0,0,272,0,0,0,0,0,0,0,0,0,0,0,16772,1753664,1109856.629,0,0,0,4390,287.8760119,0.1
10,Есть,1,Нет,7280,1,Есть,329004,Нет,Нет,0,1068,0,0,0,1668,0,0,0,1404,6732,0,930,750,0,1,5,1,9E+12,1091904,872197.9788,0,0,0,1756,363.3420003,0.43
11,Нет,1,Да,5824,1,Есть,229918,Нет,Нет,0,0,0,0,0,0,0,0,0,0,0,0,0,0,0,1,4,1,189284,1537536,738245.1219,371,489,0,878,218.4038435,0.34
12,Нет,1,Нет,3640,0,Есть,274170,Нет,Нет,0,0,0,0,0,0,0,0,0,0,0,0,0,0,650,0,0,0,311480,2782208,917259.3319,742,978,0,3512,149.9641768,0.37
13,Нет,1,Нет,7280,1,Есть,241462,,Нет,0,0,0,223,0,0,0,0,0,0,0,0,0,0,0,0,0,1,256971,2497088,2784488.25,371,489,0,878,507.2201829,0.46
14,Нет,3,Нет,14560,1,Есть,240500,Нет,Нет,0,0,0,446,0,0,0,0,0,0,0,0,0,0,0,0,0,0,46123,2690688,1717334.052,0,0,0,2634,290.3196444,0.45
15,Есть,1,Нет,10920,0,Есть,238576,Нет,Нет,0,0,0,0,0,1668,0,1300,0,1404,15708,0,930,0,0,1,5,0,288119,6460608,853305.3243,371,489,0,7902,60.07808075,0.48
16,Нет,4,Нет,7280,1,Есть,262626,Да,Нет,0,0,0,223,0,0,0,0,0,0,0,0,0,0,0,0,0,0,273144,6321920,1261376.414,1113,1467,0,7024,90.75711742,0.29
17,Есть,1,Нет,8736,1,Есть,214526,Нет,Нет,0,3204,0,223,0,2502,0,650,0,1404,14025,0,930,750,0,1,5,1,246189,6632384,1345219.7,742,978,0,5268,92.25895711,0.34
18,Есть,1,Нет,3640,1,Нет,340548,Нет,Нет,0,3204,0,223,0,1251,0,1300,788,702,6732,0,465,750,0,1,5,1,194675,2819520,,742,978,0,6146,264.4999759,0.41
19,Нет,2,Да,3640,0,Есть,228956,Нет,Нет,0,0,0,0,0,0,0,0,0,0,0,737,0,0,0,0,0,0,25158,4297216,1339280.057,1113,978,339,5268,141.7650584,0.37
20,Есть,2,Нет,7280,1,Есть,228956,Нет,Нет,0,0,0,0,0,0,0,0,0,702,2244,0,0,0,0,1,4,0,513343,651904,473581.2932,371,489,0,0,330.4424834,0.35
21,Есть,5,Нет,0,1,Есть,304954,Нет,Нет,6960,3204,0,0,0,0,0,3900,0,0,0,737,0,1125,650,1,4,1,264758,2999744,1238139.468,742,489,339,5268,187.7458552,0.52
22,Есть,1,Нет,7280,0,Есть,361712,Да,Нет,0,0,0,0,0,0,0,0,0,0,0,0,0,0,0,0,0,0,395340,1957120,1044854.733,1113,1467,0,5268,242.8417997,0.48
23,Есть,2,Нет,4368,0,Есть,309764,Нет,Нет,0,2670,0,0,0,0,0,0,0,0,0,0,0,750,0,1,4,1,504358,3222208,1336537.102,0,0,0,3512,188.6741626,0.48
24,Нет,5,Нет,7280,1,Есть,228956,Нет,Нет,0,0,0,0,0,0,0,650,0,0,0,0,0,0,0,0,0,0,144958,633600,330634.4637,371,489,0,0,237.3656857,0.36
25,Нет,1,Нет,10920,1,Есть,240500,Нет,Нет,0,0,0,669,0,0,0,650,0,0,0,0,0,0,0,0,0,0,116206,7433536,1580909.433,1113,1467,0,7024,96.73787132,0.31
26,Нет,1,Нет,6552,1,Нет,385762,Нет,Да,0,0,0,223,1528,0,0,0,0,0,0,0,0,0,0,0,0,1,25757,5689024,1520749.942,1484,1467,339,8780,121.5920067,0.46
27,Есть,1,Нет,14560,1,Есть,324194,Нет,Да,0,0,0,0,0,0,272,650,0,1404,3366,0,0,0,0,1,4,1,199467,2951872,3463690.807,0,0,0,878,533.7361022,0.53
28,Нет,1,Нет,3640,1,Есть,239538,Да,Нет,0,0,0,223,0,0,272,0,0,0,0,0,0,0,0,0,0,0,100033,7444096,1632884.464,1484,1956,0,7024,99.77654816,0.26
29,Нет,1,Нет,7280,1,Есть,221260,Нет,Нет,348,0,0,446,0,0,0,0,0,0,0,0,0,0,0,0,0,0,122795,6678144,1812513.921,1113,1467,0,7024,123.4555323,0.46
30,Нет,1,Нет,3640,1,Нет,,Да,Нет,0,0,0,0,764,0,0,0,0,702,1683,0,0,0,0,0,0,0,130582,407616,458621.4148,371,489,0,878,511.785634,0.37
31,Есть,1,Нет,7280,1,Есть,303030,Да,Нет,0,0,0,0,0,0,0,0,0,0,0,0,0,0,0,0,0,0,192279,8421248,1631926.145,1113,1467,0,5268,88.14730274,0.15
32,Нет,2,Нет,18200,1,Есть,295334,Нет,Нет,0,0,0,0,0,0,0,325,0,0,0,0,0,0,0,0,0,0,213843,2184512,2384080.898,371,0,339,878,496.4225913,0.32
33,Нет,3,Нет,5824,1,Есть,374218,Нет,Нет,0,0,0,0,0,0,0,0,0,702,1683,0,0,0,0,1,4,1,57504,1325632,1526881.193,0,0,0,1756,523.9227421,0.29
34,Есть,1,Нет,7280,0,Есть,402116,Да,Да,0,0,0,446,0,0,0,975,0,1404,4488,0,0,0,0,1,4,1,153943,4940672,1407538.34,1113,1467,0,3512,129.5863311,0.16
35,Есть,3,Нет,7280,0,Есть,288600,Нет,Да,0,0,0,0,0,0,0,0,0,0,0,0,0,0,0,1,5,0,64692,5907264,2842792.427,371,489,0,7902,218.8989882,0.41
36,Есть,2,Нет,0,1,Нет,170274,Нет,Нет,0,0,0,0,0,2085,0,3900,0,702,7293,0,465,0,650,1,5,1,475007,2160576,1518048.845,371,489,0,3512,319.5958875,0.33
37,Есть,2,Нет,3640,1,Есть,285714,Нет,Нет,0,0,0,0,0,0,0,0,0,0,0,0,0,0,0,1,5,1,211447,3481280,3189650.244,0,0,0,3512,416.7629396,0.39
38,Есть,4,Нет,5824,1,Есть,279942,Нет,Нет,0,0,0,223,0,0,0,0,0,0,0,0,0,0,0,1,4,0,204259,3937472,1183046.947,1113,1467,0,5268,136.6688329,0.34
39,Есть,1,Нет,4368,1,Есть,576238,Да,Нет,0,0,0,0,0,0,0,650,0,0,0,0,0,0,0,0,0,1,86256,6293056,2634703.226,742,978,0,5268,190.4386483,0.42
40,Нет,2,Нет,7280,1,Есть,301106,Нет,Нет,0,0,0,0,0,0,0,0,0,1404,2244,0,0,0,0,1,4,0,143760,368896,459024,0,0,0,0,566,0.4
41,Есть,1,Нет,8736,1,Есть,408850,Да,Да,0,0,0,223,0,0,0,0,0,0,0,0,0,0,0,0,0,0,370781,4851264,1464258.753,1113,1467,0,7902,137.292845,0.47
42,Есть,1,Нет,7280,1,Есть,247234,Нет,Нет,0,0,0,0,764,0,0,325,0,0,0,0,0,0,650,0,0,0,13178,1175680,1462920,0,0,0,0,566,0.54
43,Нет,2,Нет,4368,1,Есть,316498,Нет,Нет,0,0,0,223,0,0,0,0,0,0,0,0,0,0,0,0,0,0,155141,5668608,2158493.076,742,489,339,5268,173.2045189,0.55
44,Есть,1,Нет,5096,1,Есть,231842,,Нет,0,0,0,0,0,0,0,0,0,1404,6171,0,0,0,0,1,4,0,324658,381568,474792,0,0,0,0,566,0.41
45,Есть,2,Нет,14560,1,Есть,424242,Нет,Да,1392,0,0,446,764,0,0,0,0,702,2244,0,0,0,0,0,0,0,77870,8283264,2336149.704,1484,1956,0,10536,128.2874437,0.37
46,Нет,2,Нет,0,1,Есть,191438,Нет,Нет,0,1068,0,0,0,0,0,0,0,0,0,0,0,750,0,0,0,0,616371,1301696,1470618.677,371,489,0,2634,513.8963006,0.21
47,Есть,2,Нет,0,0,Есть,294372,,Нет,0,0,0,446,0,0,0,0,0,0,0,0,0,0,0,0,0,1,145557,3254592,1408338.104,0,0,0,2634,196.8318442,0.03
48,Есть,4,Нет,36400,1,Есть,216450,Нет,Нет,0,0,0,669,0,0,0,0,0,1404,5610,0,0,0,650,0,0,0,364791,5656640,1404096.047,371,489,0,7024,112.9076219,0.26
49,Нет,1,Нет,5824,1,Есть,298220,Нет,Нет,0,0,0,223,764,0,0,1300,0,0,0,0,0,0,0,1,4,1,39534,8213568,2060997.866,1484,1467,339,7902,114.1381082,0.47
50,Есть,2,Нет,7280,1,Есть,340548,Нет,Нет,1044,0,441,223,0,0,272,650,0,0,0,0,0,0,0,1,4,1,67687,2466816,1474181.184,0,0,0,5268,271.8310677,0.18
51,Нет,1,Нет,2184,1,Есть,259740,Нет,Нет,0,0,0,0,0,0,0,0,0,0,0,0,0,0,0,0,0,0,370182,2297152,1388293.132,371,489,0,4390,274.9010675,0.33
52,Есть,1,Нет,21840,1,Есть,221260,Нет,Нет,0,0,0,0,0,0,0,2275,0,0,0,0,0,0,0,1,5,1,460631,2002176,1597526.763,371,489,0,6146,362.9366911,0.48
53,Нет,2,Нет,5824,0,Нет,296296,Нет,Нет,0,0,0,0,0,0,0,0,0,0,0,0,0,0,650,0,0,0,28153,,1541082.604,1113,978,339,7902,97.90779955,0.37
54,Есть,1,Нет,7280,0,Есть,366522,Нет,Да,0,0,0,0,0,0,0,650,0,702,7293,0,0,0,0,1,5,0,22163,4324672,1488890.225,742,978,0,4390,156.6009847,0.37
55,Есть,2,Нет,2184,1,Есть,237614,Нет,Нет,0,0,0,0,0,0,0,975,0,0,0,0,0,0,0,0,0,0,34143,4052928,1158909.362,742,978,0,4390,130.066534,0.22
56,Нет,1,Нет,5096,0,Есть,161616,Нет,Нет,0,1068,0,0,764,0,0,325,0,0,0,0,0,750,650,0,0,0,180898,2552704,941708.9028,371,489,0,4390,167.803572,0.32
57,Есть,3,Нет,4368,1,Нет,432900,Нет,Да,0,1068,0,0,1528,0,0,0,0,0,0,0,0,750,0,0,0,0,183294,5622144,3234259.41,0,0,0,5268,261.6723712,0.26
58,Есть,2,Да,7280,1,Есть,358826,Нет,Нет,348,0,0,0,764,0,0,650,0,2106,4488,0,0,0,0,1,4,1,732577,1563584,815778.498,371,489,0,7902,237.3209185,0.41
59,Нет,1,Нет,3640,0,Нет,461760,Нет,Да,348,0,0,0,1528,0,0,650,0,0,0,0,0,0,0,0,0,0,93444,3944512,1723548.813,1113,1467,0,4390,198.7537311,0.49
60,Есть,2,Нет,8736,0,Есть,282828,Нет,Да,0,1602,0,223,764,834,0,325,0,2106,12342,0,930,750,0,1,4,1,39534,8668352,1006330.237,1113,978,339,8780,52.80669234,0.47
61,Есть,2,Нет,7280,1,Есть,338624,Нет,Да,0,0,0,0,0,0,0,975,0,1404,13464,0,0,0,0,1,4,1,304891,619520,725436.8857,0,0,0,878,532.6344919,0.67
62,Нет,1,Нет,21840,1,Есть,359788,,Нет,0,0,0,0,0,0,0,0,0,0,0,0,0,0,0,0,0,1,91048,5385600,3053394.746,742,978,0,1756,257.8896092,0.51
63,Есть,1,Нет,8736,1,Есть,235690,Нет,Нет,0,0,0,0,764,0,0,0,0,1404,2244,0,0,0,0,0,0,0,338435,397760,494940,0,0,0,0,566,0.49
64,Есть,2,Нет,0,1,Есть,190476,Нет,Нет,0,0,0,0,0,2085,0,0,0,1404,9537,0,930,0,1300,1,5,0,298302,5367296,1690997.813,742,978,0,7902,143.3086756,0.27
65,Есть,1,Нет,29120,1,Есть,304954,Нет,Нет,1044,0,0,0,0,0,0,13000,0,0,0,0,0,0,650,1,4,0,57504,2749824,675088.3432,371,0,339,6146,111.6710744,0.14
66,Есть,1,Нет,10920,1,Есть,380952,Да,Да,0,0,0,446,0,0,0,2275,0,0,0,0,0,0,0,1,4,0,172512,2670976,2004506.724,742,978,0,4390,341.3677708,0.28
67,Есть,2,Нет,7280,1,Нет,349206,Нет,Да,0,0,0,0,0,0,0,0,0,0,0,0,0,0,1300,1,5,1,194076,1881088,1230004.397,742,978,0,2634,297.4284686,0.25
68,Нет,2,Нет,7280,1,Есть,349206,Нет,Нет,3132,0,0,0,2292,0,0,650,0,0,0,0,0,0,650,0,0,1,137770,3434816,793178.9185,742,489,339,6146,105.039506,0.55
69,Есть,2,Нет,2912,1,Есть,233766,Нет,Нет,348,0,0,0,0,0,0,2600,0,0,0,0,0,0,650,0,0,0,428884,2143680,866801.8955,371,489,0,5268,183.9267431,0.36
70,Есть,1,Нет,21840,1,Есть,415584,Да,Нет,0,0,0,223,0,0,0,0,0,0,0,0,0,0,650,0,0,0,44925,10179136,3787178.601,371,489,0,8780,169.2348705,0.33
71,Есть,1,Нет,5824,1,Есть,251082,Нет,Да,0,0,0,0,0,0,0,0,0,1404,14586,0,0,0,650,1,6,1,236006,2009920,559744.39,742,978,0,2634,126.676473,0.42
72,Есть,2,Да,0,1,Нет,294372,Нет,Нет,348,0,0,0,0,0,0,3250,0,1404,4488,737,0,0,0,1,4,0,5990,1046848,550240.08,0,0,0,3512,239.0856873,0.4
73,Есть,1,Нет,0,1,Есть,427128,Нет,Да,348,1602,0,0,0,1251,0,325,0,702,6171,737,465,375,0,0,0,0,389949,3974784,1587385.676,742,978,0,4390,181.6577408,0.47
74,Есть,1,Нет,7280,1,Есть,359788,Нет,Нет,0,0,0,0,0,0,0,325,0,0,0,0,0,0,0,1,6,1,112013,2289408,1894718.728,371,489,0,878,376.449336,0.47
75,Нет,1,Нет,7280,1,Есть,430014,Нет,Нет,348,0,0,0,0,0,0,0,0,0,0,0,0,0,0,0,0,0,315673,371008,461652,0,0,0,0,566,0.65
76,Нет,1,Нет,0,1,Есть,239538,Нет,Нет,0,0,0,0,0,0,0,0,0,1404,12342,0,0,0,0,1,5,1,586421,1240448,1208554.067,0,0,0,878,443.1721957,0.46
77,Есть,1,Нет,29120,1,Есть,342472,Нет,Нет,0,0,0,0,0,1251,0,6175,0,702,10098,1474,465,0,0,1,4,1,59301,2747712,1562377.525,371,489,0,4390,258.6424209,0.41
78,Есть,1,Да,3640,1,Нет,255892,Нет,Да,0,0,0,0,764,0,0,0,0,0,0,0,0,0,0,0,0,0,270149,1788160,1587910.142,0,0,0,3512,403.9285319,0.16
79,Нет,1,Нет,10920,1,Нет,309764,Да,Нет,0,0,0,0,0,0,0,0,0,0,0,737,0,0,0,1,5,1,30549,3705152,959368.2595,742,978,0,11414,117.7780338,0.2
80,Есть,1,Нет,7280,1,Есть,158730,Нет,Нет,0,0,0,223,764,0,0,0,0,702,1122,0,0,0,650,1,4,0,202462,4630912,1475102.136,742,978,0,6146,144.8907124,0.44
81,Есть,1,Нет,14560,1,Есть,276094,Нет,Нет,696,0,0,223,0,0,0,650,0,0,0,0,0,0,0,0,0,0,365989,3590400,1033796.055,1113,1467,0,7024,130.9715657,0.16
82,Есть,1,Нет,8736,0,Есть,242424,Да,Нет,0,0,0,0,0,0,0,1950,0,0,0,0,0,0,0,1,5,0,352212,1548096,1481491.73,742,978,0,3512,435.2976544,0.81
83,Есть,2,Нет,2912,0,Нет,189514,Нет,Нет,348,0,0,0,764,0,0,0,0,0,0,0,0,0,650,0,0,0,255174,3275712,2700766.675,371,0,339,878,375.0302841,0.35
84,Нет,1,Нет,4368,1,Нет,235690,Да,Нет,0,0,0,223,0,0,0,325,0,0,0,737,0,0,0,0,0,0,250382,5658048,810589.452,1113,1467,0,9658,65.16573589,0.28
85,Есть,3,Нет,0,1,Есть,182780,Нет,Нет,1392,4806,0,0,764,0,0,3250,0,0,0,737,0,1500,0,1,4,0,339633,2972288,1278969.841,371,489,0,4390,195.7286496,0.52
86,Нет,1,Нет,0,1,Есть,248196,Да,Да,0,0,0,669,0,834,0,975,1182,702,5610,737,465,0,0,1,4,1,123993,5450368,629404.4392,742,978,0,10536,52.52776924,0.38
87,Есть,3,Нет,4368,1,Есть,279942,Нет,Нет,0,0,0,0,0,0,0,5850,0,0,0,737,0,0,1300,0,0,0,34143,4654144,3054754.487,0,0,0,7024,298.5530274,0.33
88,Есть,2,Нет,14560,1,Нет,326118,Нет,Нет,0,0,0,0,764,0,0,650,0,0,0,0,0,0,0,1,5,1,602594,2784320,1882299.394,371,489,0,4390,307.5066691,0.37
89,Есть,1,Нет,0,1,Есть,263588,Да,Да,0,0,0,223,764,0,0,0,0,1404,24684,0,0,0,650,1,4,1,32346,4166272,1317919.172,371,489,0,2634,143.8885183,0.43
90,Есть,2,Нет,3640,1,Нет,165464,Нет,Нет,0,2670,0,0,0,0,272,1950,0,1404,6171,0,0,750,650,1,4,1,21564,2864576,867420.2993,0,0,0,5268,137.738141,0.44
91,Есть,2,Нет,5096,1,Есть,376142,Нет,Нет,348,2136,0,0,0,2502,0,4225,0,2106,20757,0,930,750,0,1,5,1,524125,2128896,812527.881,371,489,0,6146,173.6076309,0.33
92,Нет,1,Нет,5824,1,Есть,230880,Нет,Нет,348,0,0,0,0,0,0,0,0,0,0,0,0,0,0,1,4,0,446854,3014528,2883984.954,0,0,0,2634,435.1697034,0.3
93,Есть,5,Нет,7280,1,Есть,281866,Нет,Нет,0,0,0,0,0,0,0,325,0,0,0,0,0,0,650,0,0,0,276139,3371456,2478674.467,371,489,0,1756,334.4159488,0.33
94,Есть,2,Нет,8736,0,Есть,206830,Нет,Нет,0,0,0,223,0,0,0,650,0,1404,7854,0,0,0,0,1,4,1,152745,670208,833952,0,0,0,0,566,0.46
95,Есть,1,Нет,4368,1,Есть,268398,Нет,Да,2088,0,0,223,0,1251,0,0,0,702,7854,0,465,0,0,1,5,1,58702,7278656,1577620.591,1484,1956,0,10536,98.59079231,0.29
96,Нет,2,Нет,5096,1,Есть,356902,Нет,Да,0,0,0,0,764,0,0,0,0,0,0,0,0,0,0,0,0,1,195274,6217024,1613192.347,742,978,0,5268,118.0289637,0.42
97,Есть,5,Нет,10920,1,Есть,354016,Нет,Да,0,1602,0,223,0,834,0,325,0,1404,7854,0,930,750,0,1,4,0,209650,6861888,1722822.264,1113,978,339,7024,114.2041366,0.33
98,Нет,2,Нет,8736,1,Есть,,,Нет,0,0,0,0,0,0,0,0,0,1404,3366,0,0,0,0,1,4,0,448651,710336,883884,0,0,0,0,566,0.39
99,Есть,2,Нет,0,0,Есть,367484,Нет,Нет,348,0,0,0,0,0,0,325,0,0,0,737,0,0,650,1,4,1,135374,2406976,1802008.266,0,0,0,4390,340.5414674,0.33
100,Нет,1,Нет,3640,1,Есть,293410,Нет,Нет,0,0,0,0,0,0,0,1950,0,0,0,0,0,0,650,0,0,0,152146,6252928,2443819.193,742,978,0,9658,177.7749757,0.18
101,Есть,1,Нет,21840,1,Нет,421356,Да,Да,0,0,0,0,764,0,0,0,0,0,0,0,0,0,1300,0,0,0,45524,9209728,,371,489,0,7902,134.9103891,0.2
102,Есть,1,Нет,5096,1,Есть,244348,,Да,0,0,0,223,0,0,0,2925,0,1404,3366,0,0,0,0,1,4,1,112612,1717056,444333.9378,0,0,0,3512,117.7090922,0.5
103,Есть,1,Нет,9464,1,Есть,299182,Нет,Нет,0,0,0,0,0,0,0,2600,394,0,0,0,0,0,0,0,0,0,495373,4024768,1971545.339,742,978,0,6146,222.8183231,0.22
104,Есть,2,Да,7280,0,Есть,541606,Нет,Нет,0,3204,0,223,0,0,0,975,0,0,0,0,0,1125,650,1,4,0,430681,2090176,1897564.607,371,0,339,2634,412.9511679,0.39
105,Есть,2,Нет,3640,1,Нет,231842,Нет,Нет,0,0,0,0,764,2502,0,0,394,1404,13464,0,930,0,0,1,5,1,65890,4849856,1811138.399,371,489,0,6146,169.8665158,0.31
106,Нет,1,Нет,0,1,Нет,194324,Нет,Нет,696,0,0,0,1528,2502,0,0,0,2106,15147,0,1395,0,650,1,5,0,45524,2214784,1354220.849,0,0,0,4390,278.1269687,0.34
107,Есть,1,Нет,5096,2,Есть,152958,Нет,Нет,0,0,0,0,0,417,0,0,0,702,3927,0,465,0,0,1,4,0,258169,2187328,1820692.083,371,489,0,3512,378.6235084,0.61
108,Есть,2,Да,2912,0,Есть,202982,Да,Нет,0,0,0,223,764,0,0,0,0,702,5049,0,0,0,0,1,5,1,377370,3889600,1063252.451,1113,1467,0,9658,124.3415957,0.38
109,Есть,1,Нет,7280,1,Есть,292448,Нет,Да,0,0,0,223,0,0,0,0,0,1404,10098,0,0,0,0,1,4,1,554075,975040,552712.2618,371,489,0,2634,257.8467438,0.86
110,Есть,2,Нет,7280,0,Есть,367484,Нет,Да,0,0,0,223,0,0,0,1300,0,1404,4488,0,0,0,0,1,4,1,269550,5368704,1073911.184,371,489,0,9658,90.98795203,0.5
111,Нет,1,Нет,3640,1,Есть,244348,Нет,Нет,0,0,0,0,0,0,0,0,0,0,0,0,0,0,0,1,4,0,190482,725824,517640.5607,371,489,0,1756,324.4008313,0.42
112,Нет,3,Нет,7280,1,Есть,353054,Нет,Да,0,0,0,0,764,0,0,0,0,0,0,0,0,0,0,0,0,0,247387,3099712,1440595.45,742,978,0,3512,211.4003383,0.31
113,Нет,5,Нет,18200,1,Нет,455988,Нет,Да,0,0,0,0,764,0,0,0,0,2106,7854,0,0,0,650,1,4,0,41331,5845312,4159571.22,742,978,0,2634,323.6874432,0.42
114,Есть,1,Нет,3640,1,Есть,196248,Нет,Нет,2088,0,0,446,1528,0,0,0,0,0,0,0,0,0,0,1,4,0,71880,7934080,1333337.092,1113,1467,0,9658,76.44135357,0.14
115,Есть,1,Нет,5096,1,Нет,342472,Нет,Да,0,0,0,446,1528,0,0,325,0,0,0,0,0,0,0,1,5,1,179101,5479936,1832899.038,742,978,0,5268,152.1416218,0.28
116,Есть,2,Да,4368,1,Есть,206830,Нет,Нет,0,0,0,0,0,0,0,325,0,0,0,0,0,0,0,1,5,1,255174,4667520,2876800.916,371,489,0,9658,280.3551929,0.36
117,Нет,2,Нет,3640,1,Есть,304954,Нет,Да,1044,0,0,223,764,0,0,5850,0,0,0,0,0,0,0,0,0,0,125191,5409536,1782585.769,1113,1467,0,8780,149.8909472,0.28
118,Есть,1,Нет,7280,1,Есть,241462,Да,Да,348,0,0,0,0,834,0,0,0,1404,17952,0,930,0,650,1,5,1,256971,3504512,1389348.347,1113,1467,0,6146,180.3302489,0.31
119,Есть,3,Нет,8736,1,Есть,218374,Нет,Нет,0,0,0,0,0,0,0,1300,0,1404,2244,0,0,0,0,1,4,0,337836,1379136,1021670.027,371,0,339,7902,336.9679081,0.2
120,Есть,2,Нет,1456,1,Есть,543530,Нет,Да,0,0,0,223,764,0,0,0,0,0,0,0,0,0,0,1,4,0,76073,4466176,2356886.883,742,978,0,7902,240.0423614,0.3
121,Есть,2,Нет,2912,1,Есть,242424,Нет,Нет,348,0,0,0,0,1668,0,0,0,702,10098,0,930,0,0,1,5,1,637935,2954688,633879.3462,371,489,0,4390,97.58430112,0.25
122,Есть,1,Нет,21840,1,Есть,253006,Нет,Да,0,0,0,0,0,0,0,325,394,0,0,737,0,0,650,0,0,0,355207,2488640,3010549.616,0,0,0,878,550.2609527,0.7
123,Есть,4,Нет,8736,2,Есть,213564,Нет,Нет,696,0,0,0,764,1251,272,650,0,1404,10659,0,930,0,0,1,4,0,327054,2796288,2433953.171,742,978,0,5268,395.9271682,0.33
124,Нет,2,Нет,7280,1,Есть,391534,Да,Нет,0,0,0,669,0,834,0,650,1182,702,5610,0,465,0,0,1,4,1,129384,5613696,1140289.819,742,978,0,11414,92.39561101,0.35
125,Нет,2,Нет,0,1,Есть,208754,Нет,Да,0,0,0,0,0,1251,0,325,0,702,7293,0,465,0,0,0,0,1,45524,6500032,2011037.747,742,978,0,4390,140.7309798,0.45
126,Есть,1,Нет,14560,1,Есть,430014,Нет,Да,0,0,0,446,0,1668,0,2275,0,1404,5610,0,930,0,0,1,4,0,84459,3869184,2093618.599,0,0,0,5268,246.1292165,0.34
127,Нет,1,Нет,3640,0,Есть,219336,Нет,Нет,0,0,0,0,0,0,0,0,0,0,0,0,0,0,0,0,0,0,587619,3501696,1697835.74,0,0,0,4390,220.5475385,0.29
128,Есть,3,Нет,7280,1,Есть,200096,Нет,Нет,0,1068,0,0,0,0,0,0,0,0,0,0,0,750,0,0,0,0,433676,1268608,1578552,0,0,0,0,566,0.38
129,Нет,2,Нет,18200,1,Нет,287638,Нет,Нет,0,0,0,446,1528,0,0,0,0,0,0,0,0,0,1300,0,0,0,21564,2792064,1365452.103,0,0,0,3512,222.4518828,0.46
130,Есть,2,Нет,3640,1,Нет,203944,Нет,Нет,0,0,0,0,764,0,0,0,0,1404,14586,0,0,0,650,0,0,0,105424,1654400,2058600,0,0,0,0,566,0.42
131,Есть,4,Нет,7280,1,Есть,326118,Нет,Да,696,0,0,0,0,0,0,0,788,0,0,0,0,0,0,1,4,1,150948,1822656,1297513.27,0,0,0,6146,323.8113615,0.3
132,Есть,1,Нет,5824,0,Есть,311688,Нет,Нет,0,0,0,0,0,1668,0,650,0,1404,8976,0,930,0,0,1,5,1,517536,2991296,1716277.764,371,0,339,878,260.9835713,0.3
133,Есть,1,Нет,7280,1,Есть,341510,Нет,Да,0,0,0,0,0,0,0,0,0,702,1683,0,0,0,650,1,4,0,41930,5106816,2616511.902,371,489,0,4390,233.0544977,0.77
134,Есть,1,Нет,10920,1,Есть,453102,Нет,Нет,348,0,0,0,0,0,0,325,0,1404,3366,0,0,0,0,1,4,0,712211,1599488,1984119.587,371,489,0,878,564.250357,0.55
135,Есть,2,Нет,7280,1,Нет,186628,Нет,Нет,1044,0,0,223,0,1668,0,1950,394,702,13464,737,465,0,650,1,4,1,65890,3939584,1295683.128,371,0,339,6146,149.6006299,0.38
136,Есть,1,Нет,7280,1,Нет,184704,Нет,Нет,0,0,0,0,0,417,0,0,0,2106,6171,0,465,0,650,1,4,0,387553,2614656,1944995.004,371,489,0,2634,338.3677127,0.33
137,Нет,2,Да,8736,1,Есть,180856,Нет,Нет,348,0,0,446,764,0,272,650,394,0,0,0,0,0,0,0,0,1,298901,1839552,553643.4441,1484,1956,0,3512,136.8998831,0.27
138,Есть,1,Нет,5096,1,Есть,267436,Нет,Нет,0,0,0,223,0,0,0,3250,0,0,0,737,0,0,0,1,4,1,108419,4643584,2782543.439,371,489,0,3512,272.5672242,0.12
139,Нет,1,Нет,10920,1,Есть,183742,Нет,Нет,0,0,0,223,0,0,544,0,0,0,0,0,0,0,0,1,4,0,119800,8424064,3371126.495,371,489,0,5268,182.0280746,0.52
140,Есть,1,Нет,8736,0,Есть,189514,Нет,Нет,1044,0,0,669,0,0,0,3900,394,0,0,0,0,0,0,1,5,1,110216,4284544,4039098.337,0,0,0,1756,428.8099004,0.33
141,Нет,4,Нет,5096,1,Есть,320346,Нет,Да,696,0,0,0,0,0,0,325,0,0,0,0,0,0,0,0,0,0,410315,4150784,3562115.942,742,489,339,5268,390.3578357,0.43
142,Есть,2,Нет,1456,1,Есть,346320,Нет,Да,348,0,0,0,0,0,0,0,0,702,1122,0,0,0,0,0,0,0,291713,3745984,1934892.854,371,489,0,7024,234.9502909,0.27
143,Есть,6,Нет,0,0,Есть,330928,Нет,Нет,7308,0,0,0,0,0,272,650,0,0,0,1474,0,0,0,1,4,1,152745,3736832,2275370.795,371,489,0,5268,276.970548,0.54
144,Нет,2,Нет,10920,1,Есть,231842,Нет,Нет,348,1068,0,0,764,0,0,0,0,1404,2244,0,0,750,0,1,4,0,506155,1215808,-5E+13,0,0,0,1756,268.4191676,0.4
145,Есть,1,Нет,7280,1,Нет,431938,Нет,Да,0,0,0,0,764,1668,0,0,0,1404,6732,0,930,0,0,1,5,0,887718,1428416,1231237.674,0,0,0,5268,392.0777286,0.68
146,Есть,1,Нет,7280,0,Есть,253006,Нет,Да,2088,0,0,0,0,0,0,650,0,0,0,0,0,0,0,0,0,0,349816,3144768,1312526.112,742,489,339,5268,189.8472564,0.46
147,Нет,1,Нет,7280,0,Есть,363636,Нет,Да,0,0,0,223,764,0,0,0,0,0,0,0,0,0,650,0,0,0,101231,8022080,1779943.968,1113,978,339,7024,100.926294,0.32
148,Есть,2,Нет,0,1,Есть,310726,Нет,Нет,0,534,0,0,0,417,0,0,0,702,13464,0,465,375,0,1,4,1,34143,6302912,2044895.147,742,978,0,5268,147.5756772,0.51
149,Есть,1,Нет,8736,0,Есть,290524,Нет,Да,0,0,0,0,0,0,0,0,0,1404,7854,0,0,0,0,1,4,0,360598,423808,527352,0,0,0,0,566,0.51
150,Есть,3,Нет,0,0,Есть,177008,Нет,Нет,3132,0,0,223,0,4170,0,2275,394,2106,11220,737,1395,0,650,1,4,1,175507,4735104,1551696.457,0,0,0,4390,149.0603824,0.5
151,Нет,3,Нет,7280,1,Есть,243386,Нет,Да,0,0,0,0,0,0,0,0,0,0,0,0,0,0,0,1,4,0,295906,4491520,1823758.832,371,489,0,4390,184.6966655,0.14
152,Нет,1,Нет,7280,1,Нет,257816,Нет,Нет,0,0,0,0,764,0,0,0,0,0,0,0,0,0,0,0,0,0,612777,795520,530896.752,371,489,0,4390,303.5595849,0.36
153,Есть,1,Нет,0,1,Есть,184704,Нет,Нет,0,0,0,0,764,2502,0,1300,0,1404,14586,0,930,0,650,1,5,0,74875,6145216,2012527.879,1113,1467,0,9658,148.9668848,0.43
154,Нет,1,Нет,7280,1,Нет,378066,Нет,Да,696,0,0,0,0,0,0,0,0,0,0,737,0,0,0,1,4,0,270149,2361920,2177321.555,371,0,339,7024,419.3169059,0.49
155,Нет,1,Нет,10920,1,Есть,184704,Нет,Нет,0,0,0,223,0,0,544,0,0,0,0,0,0,0,0,0,0,0,238402,3498880,866850.3371,371,489,0,6146,112.6938092,0.15
156,Нет,1,Нет,29120,1,Есть,324194,,Нет,0,0,0,0,0,0,0,325,0,702,3366,0,0,0,0,0,0,0,448052,883520,649590.8972,371,489,0,1756,334.4325417,0.51
157,Есть,1,Нет,8736,1,Есть,405002,Нет,Да,0,0,0,0,764,0,0,0,0,0,0,0,0,0,0,1,4,0,280332,2173952,1270250.381,371,489,0,5268,265.7812669,0.47
158,Есть,1,Нет,5096,1,Есть,201058,Да,Нет,0,0,0,0,764,0,0,0,0,702,2805,0,0,0,0,0,0,0,170116,796224,986562.461,0,0,0,878,563.604311,0.18
159,Нет,3,Нет,7280,1,Есть,298220,Нет,Да,0,0,0,0,0,0,0,0,0,0,0,0,0,0,0,1,5,0,92845,5417280,1845584.352,371,489,0,5268,154.9664203,0.36
160,Есть,1,Нет,3640,0,Есть,383838,Нет,Нет,1392,3738,0,0,0,0,272,325,0,0,0,0,0,750,0,1,5,0,433676,1564288,1014844.145,371,489,0,2634,295.0989201,0.5
161,Есть,1,Нет,10920,0,Есть,315536,Нет,Да,0,0,0,0,0,0,0,0,0,0,0,0,0,0,0,0,0,0,281530,5027264,2089560.646,0,0,0,6146,189.0637517,0.49
162,Есть,1,Нет,7280,1,Нет,241462,Нет,Нет,0,0,0,0,764,834,0,0,0,702,8415,0,465,0,0,1,5,1,903292,3041984,2802835.668,371,489,0,1756,419.1077525,0.39
163,Есть,1,Нет,29120,0,Есть,285714,Нет,Нет,0,0,0,0,0,0,0,650,0,702,1122,0,0,0,0,1,4,0,476804,560384,592292.2536,371,489,0,878,480.7677308,0.41
164,Есть,3,Нет,4368,1,Есть,265512,Да,Да,0,0,0,223,0,0,0,0,0,0,0,0,0,0,0,1,4,1,59301,6761216,2315201.329,1484,1956,0,6146,155.7574891,0.22
165,Есть,3,Нет,4368,1,Есть,318422,Нет,Нет,0,0,0,0,0,0,0,0,0,0,0,0,0,0,0,1,4,0,237803,3190528,2092274.758,371,489,0,5268,298.2916797,0.45
